{"cameraMode":{"drawMode":0,"name":"Shaded","section":"Shading Mode"},"sceneLighting":true,"audioPlay":false,"sceneViewState":{"showFog":true,"showMaterialUpdate":false,"showSkybox":true,"showFlares":true,"showImageEffects":true,"showParticleSystems":true},"in2DMode":false,"pivot":{"x":-13.58119010925293,"y":1.2900605201721192,"z":-3.188861131668091},"rotation":{"x":-0.013380108401179314,"y":0.6051778197288513,"z":-0.010173154063522816,"w":-0.7959128618240356},"size":25.193069458007814,"orthographic":false}