{"cameraMode":{"drawMode":0,"name":"Shaded","section":"Shading Mode"},"sceneLighting":true,"audioPlay":false,"sceneViewState":{"showFog":true,"showMaterialUpdate":false,"showSkybox":true,"showFlares":true,"showImageEffects":true,"showParticleSystems":true},"in2DMode":false,"pivot":{"x":2.1096816062927248,"y":2.1940393447875978,"z":5.474486827850342},"rotation":{"x":-0.06473059207201004,"y":-0.03232968971133232,"z":0.002098117722198367,"w":-0.9973792433738709},"size":37.78950881958008,"orthographic":false}